{"cameraMode":{"drawMode":0,"name":"Shaded","section":"Shading Mode"},"sceneLighting":false,"audioPlay":false,"sceneViewState":{"showFog":true,"showMaterialUpdate":false,"showSkybox":false,"showFlares":true,"showImageEffects":true,"showParticleSystems":true},"in2DMode":false,"pivot":{"x":0.00007592886686325073,"y":0.02541583776473999,"z":0.13849037885665894},"rotation":{"x":-0.24109779298305512,"y":-0.5069479942321777,"z":0.15018373727798463,"w":-0.8138307929039002},"size":2.477987289428711,"orthographic":false}