{"cameraMode":{"drawMode":0,"name":"Shaded","section":"Shading Mode"},"sceneLighting":false,"audioPlay":false,"sceneViewState":{"showFog":true,"showMaterialUpdate":false,"showSkybox":false,"showFlares":true,"showImageEffects":true,"showParticleSystems":true},"in2DMode":false,"pivot":{"x":243.82861328125,"y":14.62398624420166,"z":218.90782165527345},"rotation":{"x":-0.0712040513753891,"y":-0.8033061027526856,"z":0.09809424728155136,"w":-0.5831010341644287},"size":2.4779624938964845,"orthographic":false}