{"cameraMode":{"drawMode":0,"name":"Shaded","section":"Shading Mode"},"sceneLighting":false,"audioPlay":false,"sceneViewState":{"showFog":true,"showMaterialUpdate":false,"showSkybox":false,"showFlares":true,"showImageEffects":true,"showParticleSystems":true},"in2DMode":false,"pivot":{"x":0.44302287697792055,"y":0.07824758440256119,"z":-0.21623611450195313},"rotation":{"x":0.4426153004169464,"y":-0.040322549641132358,"z":0.019928177818655969,"w":0.895582914352417},"size":2.477987289428711,"orthographic":false}