{"cameraMode":{"drawMode":0,"name":"Shaded","section":"Shading Mode"},"sceneLighting":false,"audioPlay":false,"sceneViewState":{"showFog":true,"showMaterialUpdate":false,"showSkybox":false,"showFlares":true,"showImageEffects":true,"showParticleSystems":true},"in2DMode":false,"pivot":{"x":-0.016977250576019288,"y":0.028850525617599489,"z":0.004005461931228638},"rotation":{"x":0.019946282729506494,"y":0.9316891431808472,"z":-0.05176614597439766,"w":0.358995646238327},"size":2.2017481327056886,"orthographic":false}