{"cameraMode":{"drawMode":0,"name":"Shaded","section":"Shading Mode"},"sceneLighting":false,"audioPlay":false,"sceneViewState":{"showFog":true,"showMaterialUpdate":false,"showSkybox":false,"showFlares":true,"showImageEffects":true,"showParticleSystems":true},"in2DMode":false,"pivot":{"x":-6.471663951873779,"y":-16.03853988647461,"z":15.094358444213868},"rotation":{"x":0.378982812166214,"y":-0.1881413459777832,"z":0.0789937898516655,"w":0.902626633644104},"size":27.807212829589845,"orthographic":false}